
<SCENE>


<INITIALS>
    <frustum near="0.1" far="500"/>
    <translation x="-100" y="-140" z="-100"/>     
    <rotation axis="x" angle="0"/>                 
    <rotation axis="y" angle="0"/>                 
    <rotation axis="z" angle="0"/>               
    <scale sx="1" sy="1" sz="1"/>                 
    <reference length="0"/>                         
</INITIALS>


<ILLUMINATION>
    <ambient r="0.25" g="0.25" b="0.25" a="1"/>        
    <background r="0" g="0" b="0" a="1"/>           
</ILLUMINATION>


<LIGHTS>
    <LIGHT id="headlight">                          
        <enable value ="1"/>         				
        <position x="5.6" y="18.4" z="5.6" w="1"/>   
        <ambient r="0.4" g="0.4" b="0.4" a="1"/>    
        <diffuse r="0.4" g="0.4" b="0.4" a="1"/>  	
        <specular r="0.2" g="0.2" b="0.2" a="1"/>   
    </LIGHT>
    <LIGHT id="moonlight">                          
        <enable value ="1"/>         				
        <position x="-65" y="65" z="20" w="1"/>      
        <ambient r="0.4" g="0.4" b="0.4" a="1"/>    
        <diffuse r="0.4" g="0.4" b="0.4" a="1"/>  	
        <specular r="0.2" g="0.2" b="0.2" a="1"/>   
    </LIGHT>
</LIGHTS>


<TEXTURES>
    <TEXTURE id="yellow">
        <file path="textures/yellow.jpg"/>    
        <amplif_factor s="6.28318530718" t="3.14159265359"/>          
    </TEXTURE>
    <TEXTURE id="blackmetalsphere">
        <file path="textures/blackmetal.jpg"/>
        <amplif_factor s="6.28318530718 " t="3.14159265359"/>          
    </TEXTURE>
    <TEXTURE id="blackmetalcone">
        <file path="textures/blackmetal.jpg"/>
        <amplif_factor s="4.71238898038 " t="1"/>          
    </TEXTURE>
    <TEXTURE id="blackmetalcylinder">
        <file path="textures/blackmetal.jpg"/>
        <amplif_factor s="6.28318530718 " t="1"/>          
    </TEXTURE>
    <TEXTURE id="smiley">
        <file path="textures/smiley.jpg"/>    
        <amplif_factor s="6.28318530718" t="3.14159265359"/>          
    </TEXTURE>
    <TEXTURE id="chess">
        <file path="textures/chess.png"/>     
        <amplif_factor s="6.28318530718" t="1"/>          
    </TEXTURE>
    <TEXTURE id="chessfeet">
        <file path="textures/chess.png"/>     
        <amplif_factor s="6.28318530718" t="3.14159265359"/>          
    </TEXTURE>
    <TEXTURE id="pattern2">
        <file path="textures/pattern2.png"/>  
        <amplif_factor s="6.28318530718" t="3.14159265359"/>          
    </TEXTURE>
    <TEXTURE id="blue">
        <file path="textures/blue.jpg"/>      
        <amplif_factor s="2" t="1"/>          
    </TEXTURE>
    <TEXTURE id="bluefloor">
        <file path="textures/floor.jpg"/>     
        <amplif_factor s="1" t="1"/>          
    </TEXTURE>
    <TEXTURE id="moontext">
        <file path="textures/moon.jpg"/>      
        <amplif_factor s="6.28318530718" t="3.14159265359"/>          
    </TEXTURE>
</TEXTURES>


<MATERIALS>
    <MATERIAL id="branco">                                  
        <shininess value="1"/>
        <specular r="0.2" g="0.2" b="0.2" a="1"/>           
        <diffuse r="0.8" g="0.8" b="0.8" a="1"/>            
        <ambient r="0.8" g="0.8" b="0.8" a="1"/>            
        <emission r="0" g="0" b="0" a="1"/>           
    </MATERIAL>
    <MATERIAL id="branco_brilhante">                            
        <shininess value="1"/>
        <specular r="1" g="1" b="1" a="1"/>           
        <diffuse r="0.5" g="0.5" b="0.5" a="1"/>            
        <ambient r="0.5" g="0.5" b="0.5" a="1"/>            
        <emission r="1" g="1" b="1" a="1"/>           
    </MATERIAL>
</MATERIALS>


<LEAVES>
    <LEAF id="square" type="rectangle" args="-0.5 0.5 0.5 -0.5"/>
    <LEAF id="rectangle" type="rectangle" args="-1 0.5 1 -0.5"/>
    <LEAF id="cylinder" type="cylinder" args="1 1 1 16 16"/> 
    <LEAF id="cone" type="cylinder" args="1 0.5 1 16 16"/> 
    <LEAF id="sphere" type="sphere" args="1 16 16"/>
	<!--<LEAF id="triangle" type="triangle" args="0 0 0 1 0 0 0 1 0"/> -->
    <!-- Parameters of the above primitives: -->
        <!-- rectangle: 2D coordinates for left-top and right-bottom vertices -->
        <!-- cylinder: height, bottom radius, top radius, sections along height, parts per section -->
        <!-- sphere: radius, parts along radius, parts per section -->
        <!-- triangle: coordinates of each vertex -->
</LEAVES>


<NODES>

    <ROOT id="scene"/>
                      

    <NODE id="scene">
        <MATERIAL id="null"/>
        <TEXTURE id="null"/>
		<DESCENDANTS>
            <DESCENDANT id="floor"/>
            <DESCENDANT id="wall"/>
            <DESCENDANT id="monster"/>
            <DESCENDANT id="moon"/>
        </DESCENDANTS>
    </NODE>
    
    <NODE id="floor">
        <MATERIAL id="branco"/>
        <TEXTURE id="bluefloor"/>
        <TRANSLATION x="3.3" y="0" z="3.3"/>
        <ROTATION axis="y" angle="45"/>
        <ROTATION axis="x" angle="-90"/>
        <SCALE sx="100" sy="80" sz="1"/>
		<DESCENDANTS>
            <DESCENDANT id="rectangle"/>
        </DESCENDANTS>
    </NODE>

    <NODE id="wall">
        <MATERIAL id="branco"/>
        <TEXTURE id="blue"/>
        <TRANSLATION x="-25" y="37.5" z="-25"/>
        <ROTATION axis="y" angle="45"/>
        <SCALE sx="100" sy="75" sz="1"/>
		<DESCENDANTS>
            <DESCENDANT id="rectangle"/>
        </DESCENDANTS>
    </NODE>

    <NODE id="moon">
        <MATERIAL id="branco_brilhante"/>
        <TEXTURE id="moontext"/>
        <TRANSLATION x="-65" y="65" z="20"/>
        <SCALE sx="3" sy="3" sz="3"/>
		<DESCENDANTS>
            <DESCENDANT id="sphere"/>
        </DESCENDANTS>
    </NODE>

    <NODE id="monster"> 
        <MATERIAL id="null"/>      			
        <TEXTURE id="null"/>        		
        <TRANSLATION x="4" y="6" z="4"/>
        <SCALE sx="2" sy="2" sz="2"/>
        <DESCENDANTS>
            <DESCENDANT id="head"/>
			<DESCENDANT id="body"/>
			<DESCENDANT id="legs"/>
			<DESCENDANT id="arms"/>
        </DESCENDANTS>
    </NODE>
	

    <NODE id="head">
        <MATERIAL id="branco"/>
        <TEXTURE id="null"/>
        <TRANSLATION x="0.8" y="6.2" z="0.8"/>        
		<DESCENDANTS>
            <DESCENDANT id="back_head"/>
            <DESCENDANT id="middle_head"/>
            <DESCENDANT id="front_head"/>
        </DESCENDANTS>
    </NODE>

    <NODE id="back_head">
        <MATERIAL id="null"/>
        <TEXTURE id="blackmetalsphere"/>
        <TRANSLATION x="-1.2" y="0" z="-1.2"/>        
		<DESCENDANTS>
            <DESCENDANT id="sphere"/>
        </DESCENDANTS>
    </NODE>
	
    <NODE id="middle_head">
        <MATERIAL id="null"/>
        <TEXTURE id="blackmetalcone"/>
		<DESCENDANTS>
            <DESCENDANT id="ears"/>
            <DESCENDANT id="skull"/>
        </DESCENDANTS>
    </NODE>

    <NODE id="ears">
        <MATERIAL id="null"/>
        <TEXTURE id="pattern2"/>
		<DESCENDANTS>
            <DESCENDANT id="left_ear"/>
            <DESCENDANT id="right_ear"/>
        </DESCENDANTS>
    </NODE>

    <NODE id="left_ear">
        <MATERIAL id="null"/>
        <TEXTURE id="null"/>
        <ROTATION axis="z" angle="-30"/>
        <TRANSLATION x="-1.4" y="0" z="0"/>        
		<DESCENDANTS>
            <DESCENDANT id="ear"/>
        </DESCENDANTS>
    </NODE>

    <NODE id="right_ear">
        <MATERIAL id="null"/>
        <TEXTURE id="null"/>
        <ROTATION axis="x" angle="30"/>
        <TRANSLATION x="0" y="0" z="-1.4"/>        
		<DESCENDANTS>
            <DESCENDANT id="ear"/>
        </DESCENDANTS>
    </NODE>

    <NODE id="ear">
        <MATERIAL id="null"/>
        <TEXTURE id="null"/>
        <SCALE sx="0.5" sy="0.5" sz="0.5"/>
		<DESCENDANTS>
            <DESCENDANT id="sphere"/>
        </DESCENDANTS>
    </NODE>

    <NODE id="skull">
        <MATERIAL id="null"/>
        <TEXTURE id="null"/>
        <TRANSLATION x="-1.5" y="0" z="-1.5"/>        
        <ROTATION axis="y" angle="45"/>
        <SCALE sx="1.8" sy="1.8" sz="2.2"/>
		<DESCENDANTS>
            <DESCENDANT id="cone"/>
        </DESCENDANTS>
    </NODE>

    <NODE id="front_head">
        <MATERIAL id="null"/>
        <TEXTURE id="null"/>
		<DESCENDANTS>
            <DESCENDANT id="face"/>
            <DESCENDANT id="hat"/>
        </DESCENDANTS>
    </NODE>

    <NODE id="face">
        <MATERIAL id="branco_brilhante"/>
        <TEXTURE id="smiley"/>
        <ROTATION axis="y" angle="135"/>
        <SCALE sx="0.4" sy="1.6" sz="1.6"/>
		<DESCENDANTS>
            <DESCENDANT id="sphere"/>
        </DESCENDANTS>
    </NODE>

    <NODE id="hat">
        <MATERIAL id="null"/>
        <TEXTURE id="blackmetalcylinder"/>
        <ROTATION axis="y" angle="45"/>
        <SCALE sx="1.8" sy="1.8" sz="0.9"/>
		<DESCENDANTS>
            <DESCENDANT id="cylinder"/>
        </DESCENDANTS>
    </NODE>
	
    <NODE id="body">
        <MATERIAL id="branco"/>
        <TEXTURE id="pattern2"/>
		<DESCENDANTS>
            <DESCENDANT id="neck"/>	
          	<DESCENDANT id="upper_body"/>	
            <DESCENDANT id="lower_body"/>
        </DESCENDANTS>
    </NODE>

    <NODE id="neck">
        <MATERIAL id="null"/>
        <TEXTURE id="null"/>
        <TRANSLATION x="0" y="5" z="0"/>        
        <ROTATION axis="z" angle="0"/>
        <ROTATION axis="x" angle="90"/>
        <SCALE sx="0.5" sy="0.5" sz="0.7"/>
		<DESCENDANTS>
            <DESCENDANT id="cylinder"/>	
        </DESCENDANTS>
    </NODE>

    <NODE id="upper_body">
        <MATERIAL id="null"/>
        <TEXTURE id="null"/>
        <TRANSLATION x="0" y="2.5" z="0"/>        
        <SCALE sx="2" sy="2" sz="2"/>
		<DESCENDANTS>
            <DESCENDANT id="sphere"/>	
        </DESCENDANTS>
    </NODE>

    <NODE id="lower_body">
        <MATERIAL id="null"/>
        <TEXTURE id="null"/>
        <SCALE sx="3" sy="3" sz="3"/>
		<DESCENDANTS>
            <DESCENDANT id="sphere"/>	
        </DESCENDANTS>
    </NODE>

    <NODE id="legs">
        <MATERIAL id="branco"/>
        <TEXTURE id="null"/>
		<DESCENDANTS>
            <DESCENDANT id="left_leg"/>
            <DESCENDANT id="right_leg"/>
        </DESCENDANTS>
    </NODE>

    <NODE id="left_leg">
        <MATERIAL id="null"/>
        <TEXTURE id="null"/>
        <TRANSLATION x="0" y="-2.2" z="5"/>        
        <ROTATION axis="y" angle="180"/>
		<DESCENDANTS>
            <DESCENDANT id="leg"/>
        </DESCENDANTS>
    </NODE>

    <NODE id="right_leg">
        <MATERIAL id="null"/>
        <TEXTURE id="null"/>
        <TRANSLATION x="5" y="-2.2" z="0"/>        
        <ROTATION axis="y" angle="-90"/>
		<DESCENDANTS>
            <DESCENDANT id="leg"/>
        </DESCENDANTS>
    </NODE>
	
    <NODE id="leg">
        <MATERIAL id="null"/>
        <TEXTURE id="null"/>
		<DESCENDANTS>
            <DESCENDANT id="foot"/>
            <DESCENDANT id="actual_leg"/>
        </DESCENDANTS>
    </NODE>

    <NODE id="foot">
        <MATERIAL id="null"/>
        <TEXTURE id="chessfeet"/>
        <TRANSLATION x="0" y="0.4" z="0"/>        
        <SCALE sx="0.8" sy="1.2" sz="0.8"/>
		<DESCENDANTS>
            <DESCENDANT id="sphere"/>
        </DESCENDANTS>
    </NODE>

    <NODE id="actual_leg">
        <MATERIAL id="null"/>
        <TEXTURE id="chess"/>
        <SCALE sx="0.7" sy="0.7" sz="4.2"/>
		<DESCENDANTS>
            <DESCENDANT id="cylinder"/>
        </DESCENDANTS>
    </NODE>

    <NODE id="arms">
        <MATERIAL id="branco"/>
        <TEXTURE id="null"/>
		<DESCENDANTS>
            <DESCENDANT id="left_arm"/>
            <DESCENDANT id="right_arm"/>
        </DESCENDANTS>
    </NODE>
	
    <NODE id="left_arm">
        <MATERIAL id="null"/>
        <TEXTURE id="null"/>
        <TRANSLATION x="0.5" y="3.5" z="3.5"/>        
        <ROTATION axis="y" angle="200"/>
		<DESCENDANTS>
            <DESCENDANT id="arm"/>
        </DESCENDANTS>
    </NODE>

    <NODE id="right_arm">
        <MATERIAL id="null"/>
        <TEXTURE id="null"/>
        <TRANSLATION x="3.5" y="3.5" z="0.5"/>        
        <ROTATION axis="y" angle="-110"/>
		<DESCENDANTS>
            <DESCENDANT id="arm"/>
        </DESCENDANTS>
    </NODE>
	
    <NODE id="arm">
        <MATERIAL id="null"/>
        <TEXTURE id="null"/>
		<DESCENDANTS>
            <DESCENDANT id="hand"/>
            <DESCENDANT id="actual_arm"/>
        </DESCENDANTS>
    </NODE>

    <NODE id="hand">
        <MATERIAL id="null"/>
        <TEXTURE id="yellow"/>
        <TRANSLATION x="0" y="0.3" z="0"/>        
        <SCALE sx="0.6" sy="0.8" sz="0.6"/>
		<DESCENDANTS>
            <DESCENDANT id="sphere"/>
        </DESCENDANTS>
    </NODE>

    <NODE id="actual_arm">
        <MATERIAL id="null"/>
        <TEXTURE id="chess"/>
        <SCALE sx="0.5" sy="0.5" sz="3"/>
		<DESCENDANTS>
            <DESCENDANT id="cylinder"/>
        </DESCENDANTS>
    </NODE>

</NODES>


</SCENE>
