
<SCENE>


<INITIALS>
    <frustum near="0.1" far="500"/>
    <translation x="-100" y="-140" z="-100"/>
    <rotation axis="x" angle="0"/>                 
    <rotation axis="y" angle="0"/>                 
    <rotation axis="z" angle="0"/>               
    <scale sx="1" sy="1" sz="1"/>                 
    <reference length="0"/>                         
</INITIALS>


<ANIMATIONS>
 		<ANIMATION id="helloline" span="8" type="linear">
 			<controlpoint xx="0" yy="0" zz="0"/> 			
 			<controlpoint xx="0" yy="-5" zz="-15"/> 	
 			<controlpoint xx="10" yy="0" zz="-10"/> 	
 			<controlpoint xx="0" yy="0" zz="-5"/> 	
 			<controlpoint xx="6.5" yy="0" zz="3"/> 	
 		</ANIMATION>
		<ANIMATION id="earthcircle" span="8" type="circularAxis" center="-5 0 0" radius="5" startang="0" rotang="-360" axis = "0 1 0"/> 		
		<ANIMATION id="earthrotation" span="100" type="circular" center="0 0 0" radius="0" startang="0" rotang="360"/> 		
		<ANIMATION id="earthrevolution" span="100" type="circular" center="10 0 0" radius="-10" startang="0" rotang="20"/> 		
		<ANIMATION id="what" span="4" type="circularAxis" center="0 0 0" radius="0" startang="0" rotang="35" axis = "-1 0 1"/> 		
		<ANIMATION id="nothing_ini" span="2" type="circular" center="0 0 0" radius="0" startang="0" rotang="0"/> 		
		<ANIMATION id="nothing_head" span="16" type="circular" center="0 0 0" radius="0" startang="0" rotang="0"/> 		
</ANIMATIONS>


<ILLUMINATION>
    <ambient r="0.25" g="0.25" b="0.25" a="1"/>        
    <background r="0" g="0" b="0" a="1"/>           
</ILLUMINATION>


<LIGHTS>
    <LIGHT id="headlight">                          
        <enable value ="1"/>         				
        <position x="5.6" y="18.4" z="5.6" w="1"/>   
        <ambient r="0.4" g="0.4" b="0.4" a="1"/>    
        <diffuse r="0.4" g="0.4" b="0.4" a="1"/>  	
        <specular r="0.2" g="0.2" b="0.2" a="1"/>   
    </LIGHT>
    <LIGHT id="sunlight">                          
        <enable value ="1"/>         				
        <position x="100" y="100" z="100" w="1"/>      
        <ambient r="0.4" g="0.4" b="0.4" a="1"/>    
        <diffuse r="0.4" g="0.4" b="0.4" a="1"/>  	
        <specular r="0.2" g="0.2" b="0.2" a="1"/>   
    </LIGHT>
</LIGHTS>


<TEXTURES>
    <TEXTURE id="yellow">
        <file path="textures/yellow.jpg"/>    
        <amplif_factor s="6.28318530718" t="3.14159265359"/>          
    </TEXTURE>
    <TEXTURE id="blackmetalsphere">
        <file path="textures/blackmetal.jpg"/>
        <amplif_factor s="6.28318530718 " t="3.14159265359"/>          
    </TEXTURE>
    <TEXTURE id="blackmetalcone">
        <file path="textures/blackmetal.jpg"/>
        <amplif_factor s="4.71238898038 " t="1"/>          
    </TEXTURE>
    <TEXTURE id="blackmetalcylinder">
        <file path="textures/blackmetal.jpg"/>
        <amplif_factor s="6.28318530718 " t="1"/>          
    </TEXTURE>
    <TEXTURE id="smiley">
        <file path="textures/smiley.jpg"/>    
        <amplif_factor s="6.28318530718" t="3.14159265359"/>          
    </TEXTURE>
    <TEXTURE id="chess">
        <file path="textures/chess.png"/>     
        <amplif_factor s="6.28318530718" t="1"/>          
    </TEXTURE>
    <TEXTURE id="chessfeet">
        <file path="textures/chess.png"/>     
        <amplif_factor s="6.28318530718" t="3.14159265359"/>          
    </TEXTURE>
    <TEXTURE id="pattern2">
        <file path="textures/pattern2.png"/>  
        <amplif_factor s="6.28318530718" t="3.14159265359"/>          
    </TEXTURE>
    <TEXTURE id="stars">
        <file path="textures/stars.jpg"/>      
        <amplif_factor s="2" t="1"/>          
    </TEXTURE>
    <TEXTURE id="earthtext">
        <file path="textures/earth.jpg"/>      
        <amplif_factor s="6.28318530718" t="3.14159265359"/>          
    </TEXTURE>
    <TEXTURE id="moontext">
        <file path="textures/moon_color.jpg"/>      
        <amplif_factor s="6.28318530718" t="3.14159265359"/>          
    </TEXTURE>
    <TEXTURE id="ufometal">
        <file path="textures/ufometal.jpg"/>      
        <amplif_factor s="1" t="1"/>          
    </TEXTURE>
    <TEXTURE id="ufometaltop">
        <file path="textures/ufometaltop.jpg"/>      
        <amplif_factor s="1" t="1"/>          
    </TEXTURE>
    <TEXTURE id="ufolight">
        <file path="textures/ufolight.jpg"/>      
        <amplif_factor s="6.28318530718" t="1"/>          
    </TEXTURE>
</TEXTURES>


<MATERIALS>
    <MATERIAL id="branco">                                  
        <shininess value="1"/>
        <specular r="0.2" g="0.2" b="0.2" a="1"/>           
        <diffuse r="0.8" g="0.8" b="0.8" a="1"/>            
        <ambient r="0.8" g="0.8" b="0.8" a="1"/>            
        <emission r="0" g="0" b="0" a="1"/>           
    </MATERIAL>
    <MATERIAL id="branco_brilhante">                            
        <shininess value="1"/>
        <specular r="1" g="1" b="1" a="1"/>           
        <diffuse r="0.5" g="0.5" b="0.5" a="1"/>            
        <ambient r="0.5" g="0.5" b="0.5" a="1"/>            
        <emission r="1" g="1" b="1" a="1"/>           
    </MATERIAL>
</MATERIALS>


<LEAVES>
    <LEAF id="square" type="rectangle" args="-0.5 0.5 0.5 -0.5"/>
    <LEAF id="rectangle" type="rectangle" args="-1 0.5 1 -0.5"/>
    <LEAF id="cylinder" type="cylinder" args="1 1 1 16 16"/> 
    <LEAF id="cone" type="cylinder" args="1 0.5 1 16 16"/> 
    <LEAF id="sphere" type="sphere" args="1 16 16"/>
	<!--<LEAF id="triangle" type="triangle" args="0 0 0 1 0 0 0 1 0"/> -->
    <!-- Parameters of the above primitives: -->
        <!-- rectangle: 2D coordinates for left-top and right-bottom vertices -->
        <!-- cylinder: height, bottom radius, top radius, sections along height, parts per section -->
        <!-- sphere: radius, parts along radius, parts per section -->
        <!-- triangle: coordinates of each vertex -->

	<!-- Nova primitiva: patch, gerada por NURBS parâmetros: 
		order: pode ser 1,2,3 
		partsU: divisão em partes no domínio U a ser usada para o cálculo da superficie
		partsV: divisão em partes no domínio V a ser usada para cálculo da superficie
		o número de pontos de controlo dentro da primitiva patch é (ordem+1)^2 --> 
	<LEAF id="hemisphere" type="patch" order="3" partsU="20" partsV="20">           
        <controlpoint x="0" y="0" z="1" w="1"/>
        <controlpoint x="2" y="0" z="1" w="0.3333333333333333"/>
        <controlpoint x="2" y="0" z="-1" w="0.3333333333333333"/>
        <controlpoint x="0" y="0" z="-1" w="1"/>
        <controlpoint x="0" y="0" z="1" w="0.3333333333333333"/>
        <controlpoint x="2" y="-4" z="1" w="0.1111111111111111"/>
        <controlpoint x="2" y="-4" z="-1" w="0.1111111111111111"/>
        <controlpoint x="0" y="0" z="-1" w="0.3333333333333333"/>
        <controlpoint x="0" y="0" z="1" w="0.3333333333333333"/>
        <controlpoint x="-2" y="-4" z="1" w="0.1111111111111111"/>
        <controlpoint x="-2" y="-4" z="-1" w="0.1111111111111111"/>
        <controlpoint x="0" y="0" z="-1" w="0.3333333333333333"/>
        <controlpoint x="0" y="0" z="1" w="1"/>
        <controlpoint x="-2" y="0" z="1" w="0.3333333333333333"/>
        <controlpoint x="-2" y="0" z="-1" w="0.3333333333333333"/>
        <controlpoint x="0" y="0" z="-1" w="1"/>
    </LEAF>

	<LEAF id="flat_hemisphere" type="patch" order="3" partsU="20" partsV="20">           
        <controlpoint x="0" y="0" z="1" w="1"/>
        <controlpoint x="2" y="0" z="1" w="0.3333333333333333"/>
        <controlpoint x="2" y="0" z="-1" w="0.3333333333333333"/>
        <controlpoint x="0" y="0" z="-1" w="1"/>
        <controlpoint x="0" y="0" z="1" w="0.3333333333333333"/>
        <controlpoint x="2" y="-1" z="1" w="0.1111111111111111"/>
        <controlpoint x="2" y="-1" z="-1" w="0.1111111111111111"/>
        <controlpoint x="0" y="0" z="-1" w="0.3333333333333333"/>
        <controlpoint x="0" y="0" z="1" w="0.3333333333333333"/>
        <controlpoint x="-2" y="-1" z="1" w="0.1111111111111111"/>
        <controlpoint x="-2" y="-1" z="-1" w="0.1111111111111111"/>
        <controlpoint x="0" y="0" z="-1" w="0.3333333333333333"/>
        <controlpoint x="0" y="0" z="1" w="1"/>
        <controlpoint x="-2" y="0" z="1" w="0.3333333333333333"/>
        <controlpoint x="-2" y="0" z="-1" w="0.3333333333333333"/>
        <controlpoint x="0" y="0" z="-1" w="1"/>
    </LEAF>

	<LEAF id="super_flat_hemisphere" type="patch" order="3" partsU="20" partsV="20">           
		<controlpoint x="0" y="0" z="1" w="1"/>
        <controlpoint x="2" y="0" z="1" w="0.3333333333333333"/>
        <controlpoint x="2" y="0" z="-1" w="0.3333333333333333"/>
        <controlpoint x="0" y="0" z="-1" w="1"/>
        <controlpoint x="0" y="0" z="1" w="0.3333333333333333"/>
        <controlpoint x="2" y="-0.3" z="1" w="0.1111111111111111"/>
        <controlpoint x="2" y="-0.3" z="-1" w="0.1111111111111111"/>
        <controlpoint x="0" y="0" z="-1" w="0.3333333333333333"/>
        <controlpoint x="0" y="0" z="1" w="0.3333333333333333"/>
        <controlpoint x="-2" y="-0.3" z="1" w="0.1111111111111111"/>
        <controlpoint x="-2" y="-0.3" z="-1" w="0.1111111111111111"/>
        <controlpoint x="0" y="0" z="-1" w="0.3333333333333333"/>
        <controlpoint x="0" y="0" z="1" w="1"/>
        <controlpoint x="-2" y="0" z="1" w="0.3333333333333333"/>
        <controlpoint x="-2" y="0" z="-1" w="0.3333333333333333"/>
        <controlpoint x="0" y="0" z="-1" w="1"/>
    </LEAF>

	<!-- Nova primitiva: plano, gerado por NURBS
		ex: <plane parts=”5” /> um plano de dimensões 1 x 1 unidades assente em XZ, centrado na origem e com a face visível apontando para +Y com divisão em cinco partes por eixo -->
	<LEAF id="plane1" type="plane" parts="10"/>

	<!-- Nova primitiva: terreno baseado em shaders
		parâmetros:
		ficheiro de textura jpg ou png com a textura que deve ser visualizada sobre o terreno (dimensões devem ser potências de 2)
		ficheiro jpg ou png com o mapa de alturas que deve ser usado para formar o terreno (dimensões devem ser potências de 2) -->
	<LEAF id="elevterrain" type="terrain" texture="textures/moon_color.jpg" heightmap="textures/moon_height_high.png" />
		    

</LEAVES>


<NODES>

    <ROOT id="scene"/>          

    <NODE id="scene">
        <MATERIAL id="null"/>
        <TEXTURE id="null"/>
		<DESCENDANTS>
            <DESCENDANT id="monster"/>
            <DESCENDANT id="earth"/>
            <DESCENDANT id="ufo"/>
            <DESCENDANT id="moon"/>
            <DESCENDANT id="sky"/>
        </DESCENDANTS>
    </NODE>

	<NODE id="moon">
        <MATERIAL id="branco"/>
        <TEXTURE id="moontext"/>
        <TRANSLATION x="25" y="0" z="25"/>
        <ROTATION axis="y" angle="-45"/>
        <SCALE sx="240" sy="10" sz="240"/>
        <DESCENDANTS>
            <DESCENDANT id="elevterrain"/>
        </DESCENDANTS>
    </NODE>

  	<NODE id="ufo">
    	<ANIMATION id="nothing_ini"/>
    	<ANIMATION id="earthcircle"/>
    	<ANIMATION id="helloline"/>
        <MATERIAL id="branco"/>
        <TEXTURE id="null"/>
        <TRANSLATION x="-20" y="50" z="0"/>
        <SCALE sx="6" sy="6" sz="6"/>
        <DESCENDANTS>
            <DESCENDANT id="flat_top"/>
            <DESCENDANT id="flat_bottom"/>
            <DESCENDANT id="middle"/>            
           	<DESCENDANT id="round_top"/>
            <DESCENDANT id="round_bottom"/>
        </DESCENDANTS>
    </NODE>

    <NODE id="flat_top">
        <MATERIAL id="null"/>
        <TEXTURE id="ufometaltop"/>
        <TRANSLATION x="0" y="0.05" z="0"/>
        <ROTATION axis="z" angle="180"/>
        <DESCENDANTS>
            <DESCENDANT id="flat_hemisphere"/>
        </DESCENDANTS>
    </NODE>
 
    <NODE id="flat_bottom">
        <MATERIAL id="null"/>
        <TEXTURE id="ufometal"/>
        <TRANSLATION x="0" y="-0.05" z="0"/>
        <DESCENDANTS>
            <DESCENDANT id="super_flat_hemisphere"/>
        </DESCENDANTS>
    </NODE>uf

    <NODE id="middle">
        <MATERIAL id="branco_brilhante"/>
        <TEXTURE id="ufolight"/>
        <TRANSLATION x="0" y="0.05" z="0"/>
        <ROTATION axis="x" angle="90"/>
        <SCALE sx="1" sy="1" sz="0.1"/>
        <DESCENDANTS>
            <DESCENDANT id="cylinder"/>
        </DESCENDANTS>
    </NODE>

    <NODE id="round_top">
        <MATERIAL id="branco_brilhante"/>
        <TEXTURE id="ufolight"/>
        <TRANSLATION x="0" y="0.05" z="0"/>
        <ROTATION axis="z" angle="180"/>
        <SCALE sx="0.5" sy="0.5" sz="0.5"/>
        <DESCENDANTS>
            <DESCENDANT id="hemisphere"/>
        </DESCENDANTS>
    </NODE>
 
    <NODE id="round_bottom">
        <MATERIAL id="branco_brilhante"/>
        <TEXTURE id="ufolight"/>
        <TRANSLATION x="0" y="-0.1" z="0"/>
        <SCALE sx="0.4" sy="0.4" sz="0.4"/>
        <DESCENDANTS>
            <DESCENDANT id="flat_hemisphere"/>
        </DESCENDANTS>
    </NODE>
 
    <NODE id="sky">
        <MATERIAL id="branco"/>
        <TEXTURE id="stars"/>
        <TRANSLATION x="-60" y="0" z="-60"/>
        <ROTATION axis="y" angle="45"/>
        <SCALE sx="120" sy="120" sz="1"/>
		<DESCENDANTS>
            <DESCENDANT id="rectangle"/>
        </DESCENDANTS>
    </NODE>

    <NODE id="earth">
    	<ANIMATION id="nothing_ini"/>
    	<ANIMATION id="earthrotation"/>
        <MATERIAL id="null"/>
        <TEXTURE id="null"/>
        <TRANSLATION x="-50" y="50" z="0"/>
        <SCALE sx="6" sy="6" sz="6"/>
		<DESCENDANTS>
            <DESCENDANT id="earth_sphere"/>
        </DESCENDANTS>
    </NODE>

    <NODE id="earth_sphere">
    	<ANIMATION id="nothing_ini"/>
    	<ANIMATION id="earthrevolution"/>
        <MATERIAL id="branco"/>
        <TEXTURE id="earthtext"/>
        <ROTATION axis="x" angle="90"/>
		<DESCENDANTS>
            <DESCENDANT id="sphere"/>
        </DESCENDANTS>
    </NODE>

    <NODE id="monster"> 
        <MATERIAL id="null"/>      			
        <TEXTURE id="null"/>        		
        <TRANSLATION x="4" y="9" z="4"/>
        <SCALE sx="2" sy="2" sz="2"/>
        <DESCENDANTS>
            <DESCENDANT id="head"/>
			<DESCENDANT id="body"/>
			<DESCENDANT id="legs"/>
			<DESCENDANT id="arms"/>
        </DESCENDANTS>
    </NODE>

    <NODE id="head">
    	<ANIMATION id="nothing_ini"/>
    	<ANIMATION id="nothing_head"/>
    	<ANIMATION id="what"/>
        <MATERIAL id="branco"/>
        <TEXTURE id="null"/>
        <TRANSLATION x="0.8" y="6.2" z="0.8"/>        
		<DESCENDANTS>
            <DESCENDANT id="back_head"/>
            <DESCENDANT id="middle_head"/>
            <DESCENDANT id="front_head"/>
        </DESCENDANTS>
    </NODE>

    <NODE id="back_head">
        <MATERIAL id="null"/>
        <TEXTURE id="blackmetalsphere"/>
        <TRANSLATION x="-1.2" y="0" z="-1.2"/>        
		<DESCENDANTS>
            <DESCENDANT id="sphere"/>
        </DESCENDANTS>
    </NODE>
	
    <NODE id="middle_head">
        <MATERIAL id="null"/>
        <TEXTURE id="blackmetalcone"/>
		<DESCENDANTS>
            <DESCENDANT id="ears"/>
            <DESCENDANT id="skull"/>
        </DESCENDANTS>
    </NODE>

    <NODE id="ears">
        <MATERIAL id="null"/>
        <TEXTURE id="pattern2"/>
		<DESCENDANTS>
            <DESCENDANT id="left_ear"/>
            <DESCENDANT id="right_ear"/>
        </DESCENDANTS>
    </NODE>

    <NODE id="left_ear">
        <MATERIAL id="null"/>
        <TEXTURE id="null"/>
        <ROTATION axis="z" angle="-30"/>
        <TRANSLATION x="-1.4" y="0" z="0"/>        
		<DESCENDANTS>
            <DESCENDANT id="ear"/>
        </DESCENDANTS>
    </NODE>

    <NODE id="right_ear">
        <MATERIAL id="null"/>
        <TEXTURE id="null"/>
        <ROTATION axis="x" angle="30"/>
        <TRANSLATION x="0" y="0" z="-1.4"/>        
		<DESCENDANTS>
            <DESCENDANT id="ear"/>
        </DESCENDANTS>
    </NODE>

    <NODE id="ear">
        <MATERIAL id="null"/>
        <TEXTURE id="null"/>
        <SCALE sx="0.5" sy="0.5" sz="0.5"/>
		<DESCENDANTS>
            <DESCENDANT id="sphere"/>
        </DESCENDANTS>
    </NODE>

    <NODE id="skull">
        <MATERIAL id="null"/>
        <TEXTURE id="null"/>
        <TRANSLATION x="-1.5" y="0" z="-1.5"/>        
        <ROTATION axis="y" angle="45"/>
        <SCALE sx="1.8" sy="1.8" sz="2.2"/>
		<DESCENDANTS>
            <DESCENDANT id="cone"/>
        </DESCENDANTS>
    </NODE>

    <NODE id="front_head">
        <MATERIAL id="null"/>
        <TEXTURE id="null"/>
		<DESCENDANTS>
            <DESCENDANT id="face"/>
            <DESCENDANT id="hat"/>
        </DESCENDANTS>
    </NODE>

    <NODE id="face">
        <MATERIAL id="branco_brilhante"/>
        <TEXTURE id="smiley"/>
        <ROTATION axis="y" angle="135"/>
        <SCALE sx="0.4" sy="1.6" sz="1.6"/>
		<DESCENDANTS>
            <DESCENDANT id="sphere"/>
        </DESCENDANTS>
    </NODE>

    <NODE id="hat">
        <MATERIAL id="null"/>
        <TEXTURE id="blackmetalcylinder"/>
        <ROTATION axis="y" angle="45"/>
        <SCALE sx="1.8" sy="1.8" sz="0.9"/>
		<DESCENDANTS>
            <DESCENDANT id="cylinder"/>
        </DESCENDANTS>
    </NODE>
	
    <NODE id="body">
        <MATERIAL id="branco"/>
        <TEXTURE id="pattern2"/>
		<DESCENDANTS>
            <DESCENDANT id="neck"/>	
          	<DESCENDANT id="upper_body"/>	
            <DESCENDANT id="lower_body"/>
        </DESCENDANTS>
    </NODE>

    <NODE id="neck">
        <MATERIAL id="null"/>
        <TEXTURE id="null"/>
        <TRANSLATION x="0" y="5" z="0"/>        
        <ROTATION axis="z" angle="0"/>
        <ROTATION axis="x" angle="90"/>
        <SCALE sx="0.5" sy="0.5" sz="0.7"/>
		<DESCENDANTS>
            <DESCENDANT id="cylinder"/>	
        </DESCENDANTS>
    </NODE>

    <NODE id="upper_body">
        <MATERIAL id="null"/>
        <TEXTURE id="null"/>
        <TRANSLATION x="0" y="2.5" z="0"/>        
        <SCALE sx="2" sy="2" sz="2"/>
		<DESCENDANTS>
            <DESCENDANT id="sphere"/>	
        </DESCENDANTS>
    </NODE>

    <NODE id="lower_body">
        <MATERIAL id="null"/>
        <TEXTURE id="null"/>
        <SCALE sx="3" sy="3" sz="3"/>
		<DESCENDANTS>
            <DESCENDANT id="sphere"/>	
        </DESCENDANTS>
    </NODE>

    <NODE id="legs">
        <MATERIAL id="branco"/>
        <TEXTURE id="null"/>
		<DESCENDANTS>
            <DESCENDANT id="left_leg"/>
            <DESCENDANT id="right_leg"/>
        </DESCENDANTS>
    </NODE>

    <NODE id="left_leg">
        <MATERIAL id="null"/>
        <TEXTURE id="null"/>
        <TRANSLATION x="0" y="-2.2" z="5"/>        
        <ROTATION axis="y" angle="180"/>
		<DESCENDANTS>
            <DESCENDANT id="leg"/>
        </DESCENDANTS>
    </NODE>

    <NODE id="right_leg">
        <MATERIAL id="null"/>
        <TEXTURE id="null"/>
        <TRANSLATION x="5" y="-2.2" z="0"/>        
        <ROTATION axis="y" angle="-90"/>
		<DESCENDANTS>
            <DESCENDANT id="leg"/>
        </DESCENDANTS>
    </NODE>
	
    <NODE id="leg">
        <MATERIAL id="null"/>
        <TEXTURE id="null"/>
		<DESCENDANTS>
            <DESCENDANT id="foot"/>
            <DESCENDANT id="actual_leg"/>
        </DESCENDANTS>
    </NODE>

    <NODE id="foot">
        <MATERIAL id="null"/>
        <TEXTURE id="chessfeet"/>
        <TRANSLATION x="0" y="0.4" z="0"/>        
        <SCALE sx="0.8" sy="1.2" sz="0.8"/>
		<DESCENDANTS>
            <DESCENDANT id="sphere"/>
        </DESCENDANTS>
    </NODE>

    <NODE id="actual_leg">
        <MATERIAL id="null"/>
        <TEXTURE id="chess"/>
        <SCALE sx="0.7" sy="0.7" sz="4.2"/>
		<DESCENDANTS>
            <DESCENDANT id="cylinder"/>
        </DESCENDANTS>
    </NODE>

    <NODE id="arms">
        <MATERIAL id="branco"/>
        <TEXTURE id="null"/>
		<DESCENDANTS>
            <DESCENDANT id="left_arm"/>
            <DESCENDANT id="right_arm"/>
        </DESCENDANTS>
    </NODE>
	
    <NODE id="left_arm">
        <MATERIAL id="null"/>
        <TEXTURE id="null"/>
        <TRANSLATION x="0.5" y="3.5" z="3.5"/>        
        <ROTATION axis="y" angle="200"/>
		<DESCENDANTS>
            <DESCENDANT id="arm"/>
        </DESCENDANTS>
    </NODE>

    <NODE id="right_arm">
        <MATERIAL id="null"/>
        <TEXTURE id="null"/>
        <TRANSLATION x="3.5" y="3.5" z="0.5"/>        
        <ROTATION axis="y" angle="-110"/>
		<DESCENDANTS>
            <DESCENDANT id="arm"/>
        </DESCENDANTS>
    </NODE>
	
    <NODE id="arm">
        <MATERIAL id="null"/>
        <TEXTURE id="null"/>
		<DESCENDANTS>
            <DESCENDANT id="hand"/>
            <DESCENDANT id="actual_arm"/>
        </DESCENDANTS>
    </NODE>

    <NODE id="hand">
        <MATERIAL id="null"/>
        <TEXTURE id="yellow"/>
        <TRANSLATION x="0" y="0.3" z="0"/>        
        <SCALE sx="0.6" sy="0.8" sz="0.6"/>
		<DESCENDANTS>
            <DESCENDANT id="sphere"/>
        </DESCENDANTS>
    </NODE>

    <NODE id="actual_arm">
        <MATERIAL id="null"/>
        <TEXTURE id="chess"/>
        <SCALE sx="0.5" sy="0.5" sz="3"/>
		<DESCENDANTS>
            <DESCENDANT id="cylinder"/>
        </DESCENDANTS>
    </NODE>

</NODES>


</SCENE>
