<SCENE>

<INITIALS>
    <frustum near="0.1" far="500"/>
    <translation x="0" y="0" z="0"/>  
    <rotation axis="x" angle="0"/>                 
    <rotation axis="y" angle="0"/>                 
    <rotation axis="z" angle="0"/>               
    <scale sx="1" sy="1" sz="1"/>                 
    <reference length="5"/>                         
</INITIALS>


<ANIMATIONS>
</ANIMATIONS>


<ILLUMINATION>
    <ambient r="0.25" g="0.25" b="0.25" a="1"/>        
    <background r="0" g="0" b="0" a="1"/>           
</ILLUMINATION>


<LIGHTS>
    <LIGHT id="light1">                          
        <enable value ="1"/>         				
        <position x="5.6" y="18.4" z="5.6" w="1"/>   
        <ambient r="0.4" g="0.4" b="0.4" a="1"/>    
        <diffuse r="0.4" g="0.4" b="0.4" a="1"/>  	
        <specular r="0.2" g="0.2" b="0.2" a="1"/>   
    </LIGHT>
    <LIGHT id="light2">                          
        <enable value ="1"/>         				
        <position x="-65" y="65" z="20" w="1"/>      
        <ambient r="0.4" g="0.4" b="0.4" a="1"/>    
        <diffuse r="0.4" g="0.4" b="0.4" a="1"/>  	
        <specular r="0.2" g="0.2" b="0.2" a="1"/>   
    </LIGHT>
</LIGHTS>


<TEXTURES>
    <TEXTURE id="yellow">
        <file path="textures/yellow.jpg"/>    
        <amplif_factor s="6.28318530718" t="3.14159265359"/>          
    </TEXTURE>
</TEXTURES>


<MATERIALS>
    <MATERIAL id="branco">                                  
        <shininess value="1"/>
        <specular r="0.2" g="0.2" b="0.2" a="1"/>           
        <diffuse r="0.8" g="0.8" b="0.8" a="1"/>            
        <ambient r="0.8" g="0.8" b="0.8" a="1"/>            
        <emission r="0" g="0" b="0" a="1"/>           
    </MATERIAL>
</MATERIALS>


<LEAVES>
	<LEAF id="elevterrain" type="terrain" texture="textures/moon_color.jpg" heightmap="textures/moon_height_high.png" />
</LEAVES>


<NODES>

    <ROOT id="scene"/>          

    <NODE id="scene">
        <MATERIAL id="null"/>
        <TEXTURE id="null"/>
		<DESCENDANTS>
            <DESCENDANT id="myterrain"/>
        </DESCENDANTS>
    </NODE>

	<NODE id="myterrain">
        <MATERIAL id="branco"/>
        <TEXTURE id="yellow"/>
        <DESCENDANTS>
            <DESCENDANT id="elevterrain"/>
        </DESCENDANTS>
    </NODE>
    
</NODES>


</SCENE>
