<SCENE>

<INITIALS>
    <frustum near="0.1" far="500"/>
    <translation x="0" y="0" z="0"/>  
    <rotation axis="x" angle="0"/>                 
    <rotation axis="y" angle="0"/>                 
    <rotation axis="z" angle="0"/>               
    <scale sx="1" sy="1" sz="1"/>                 
    <reference length="5"/>                         
</INITIALS>


<ANIMATIONS>
</ANIMATIONS>


<ILLUMINATION>
    <ambient r="0.25" g="0.25" b="0.25" a="1"/>        
    <background r="0" g="0" b="0" a="1"/>           
</ILLUMINATION>


<LIGHTS>
    <LIGHT id="light1">                          
        <enable value ="1"/>         				
        <position x="5.6" y="18.4" z="5.6" w="1"/>   
        <ambient r="0.4" g="0.4" b="0.4" a="1"/>    
        <diffuse r="0.4" g="0.4" b="0.4" a="1"/>  	
        <specular r="0.2" g="0.2" b="0.2" a="1"/>   
    </LIGHT>
    <LIGHT id="light2">                          
        <enable value ="1"/>         				
        <position x="-65" y="65" z="20" w="1"/>      
        <ambient r="0.4" g="0.4" b="0.4" a="1"/>    
        <diffuse r="0.4" g="0.4" b="0.4" a="1"/>  	
        <specular r="0.2" g="0.2" b="0.2" a="1"/>   
    </LIGHT>
</LIGHTS>


<TEXTURES>
    <TEXTURE id="ufometal">
        <file path="textures/ufometal.jpg"/>      
        <amplif_factor s="1" t="1"/>          
    </TEXTURE>
    <TEXTURE id="ufometaltop">
        <file path="textures/ufometaltop.jpg"/>      
        <amplif_factor s="1" t="1"/>          
    </TEXTURE>
    <TEXTURE id="ufolight">
        <file path="textures/ufolight.jpg"/>      
        <amplif_factor s="6.28318530718" t="1"/>          
    </TEXTURE>
</TEXTURES>


<MATERIALS>
    <MATERIAL id="branco">                                  
        <shininess value="1"/>
        <specular r="0.2" g="0.2" b="0.2" a="1"/>           
        <diffuse r="0.8" g="0.8" b="0.8" a="1"/>            
        <ambient r="0.8" g="0.8" b="0.8" a="1"/>            
        <emission r="0" g="0" b="0" a="1"/>           
    </MATERIAL>
    <MATERIAL id="branco_brilhante">                            
        <shininess value="1"/>
        <specular r="1" g="1" b="1" a="1"/>           
        <diffuse r="0.5" g="0.5" b="0.5" a="1"/>            
        <ambient r="0.5" g="0.5" b="0.5" a="1"/>            
        <emission r="1" g="1" b="1" a="1"/>           
    </MATERIAL>
</MATERIALS>


<LEAVES>

    <LEAF id="cylinder" type="cylinder" args="1 1 1 16 16"/> 

	<LEAF id="hemisphere" type="patch" order="3" partsU="20" partsV="20">           
        <controlpoint x="0" y="0" z="1" w="1"/>
        <controlpoint x="2" y="0" z="1" w="0.3333333333333333"/>
        <controlpoint x="2" y="0" z="-1" w="0.3333333333333333"/>
        <controlpoint x="0" y="0" z="-1" w="1"/>
        <controlpoint x="0" y="0" z="1" w="0.3333333333333333"/>
        <controlpoint x="2" y="-4" z="1" w="0.1111111111111111"/>
        <controlpoint x="2" y="-4" z="-1" w="0.1111111111111111"/>
        <controlpoint x="0" y="0" z="-1" w="0.3333333333333333"/>
        <controlpoint x="0" y="0" z="1" w="0.3333333333333333"/>
        <controlpoint x="-2" y="-4" z="1" w="0.1111111111111111"/>
        <controlpoint x="-2" y="-4" z="-1" w="0.1111111111111111"/>
        <controlpoint x="0" y="0" z="-1" w="0.3333333333333333"/>
        <controlpoint x="0" y="0" z="1" w="1"/>
        <controlpoint x="-2" y="0" z="1" w="0.3333333333333333"/>
        <controlpoint x="-2" y="0" z="-1" w="0.3333333333333333"/>
        <controlpoint x="0" y="0" z="-1" w="1"/>
    </LEAF>

	<LEAF id="flat_hemisphere" type="patch" order="3" partsU="20" partsV="20">           
        <controlpoint x="0" y="0" z="1" w="1"/>
        <controlpoint x="2" y="0" z="1" w="0.3333333333333333"/>
        <controlpoint x="2" y="0" z="-1" w="0.3333333333333333"/>
        <controlpoint x="0" y="0" z="-1" w="1"/>
        <controlpoint x="0" y="0" z="1" w="0.3333333333333333"/>
        <controlpoint x="2" y="-1" z="1" w="0.1111111111111111"/>
        <controlpoint x="2" y="-1" z="-1" w="0.1111111111111111"/>
        <controlpoint x="0" y="0" z="-1" w="0.3333333333333333"/>
        <controlpoint x="0" y="0" z="1" w="0.3333333333333333"/>
        <controlpoint x="-2" y="-1" z="1" w="0.1111111111111111"/>
        <controlpoint x="-2" y="-1" z="-1" w="0.1111111111111111"/>
        <controlpoint x="0" y="0" z="-1" w="0.3333333333333333"/>
        <controlpoint x="0" y="0" z="1" w="1"/>
        <controlpoint x="-2" y="0" z="1" w="0.3333333333333333"/>
        <controlpoint x="-2" y="0" z="-1" w="0.3333333333333333"/>
        <controlpoint x="0" y="0" z="-1" w="1"/>
    </LEAF>

	<LEAF id="super_flat_hemisphere" type="patch" order="3" partsU="20" partsV="20">           
		<controlpoint x="0" y="0" z="1" w="1"/>
        <controlpoint x="2" y="0" z="1" w="0.3333333333333333"/>
        <controlpoint x="2" y="0" z="-1" w="0.3333333333333333"/>
        <controlpoint x="0" y="0" z="-1" w="1"/>
        <controlpoint x="0" y="0" z="1" w="0.3333333333333333"/>
        <controlpoint x="2" y="-0.3" z="1" w="0.1111111111111111"/>
        <controlpoint x="2" y="-0.3" z="-1" w="0.1111111111111111"/>
        <controlpoint x="0" y="0" z="-1" w="0.3333333333333333"/>
        <controlpoint x="0" y="0" z="1" w="0.3333333333333333"/>
        <controlpoint x="-2" y="-0.3" z="1" w="0.1111111111111111"/>
        <controlpoint x="-2" y="-0.3" z="-1" w="0.1111111111111111"/>
        <controlpoint x="0" y="0" z="-1" w="0.3333333333333333"/>
        <controlpoint x="0" y="0" z="1" w="1"/>
        <controlpoint x="-2" y="0" z="1" w="0.3333333333333333"/>
        <controlpoint x="-2" y="0" z="-1" w="0.3333333333333333"/>
        <controlpoint x="0" y="0" z="-1" w="1"/>
    </LEAF>

</LEAVES>


<NODES>

    <ROOT id="scene"/>          

    <NODE id="scene">
        <MATERIAL id="null"/>
        <TEXTURE id="null"/>
		<DESCENDANTS>
            <DESCENDANT id="ufo"/>
        </DESCENDANTS>
    </NODE>
    
  	<NODE id="ufo">
        <MATERIAL id="branco"/>
        <TEXTURE id="null"/>
        <DESCENDANTS>
            <DESCENDANT id="flat_top"/>
            <DESCENDANT id="flat_bottom"/>
            <DESCENDANT id="middle"/>            
           	<DESCENDANT id="round_top"/>
            <DESCENDANT id="round_bottom"/>
        </DESCENDANTS>
    </NODE>

    <NODE id="flat_top">
        <MATERIAL id="null"/>
        <TEXTURE id="ufometaltop"/>
        <TRANSLATION x="0" y="0.05" z="0"/>
        <ROTATION axis="z" angle="180"/>
        <DESCENDANTS>
            <DESCENDANT id="flat_hemisphere"/>
        </DESCENDANTS>
    </NODE>
 
    <NODE id="flat_bottom">
        <MATERIAL id="null"/>
        <TEXTURE id="ufometal"/>
        <TRANSLATION x="0" y="-0.05" z="0"/>
        <DESCENDANTS>
            <DESCENDANT id="super_flat_hemisphere"/>
        </DESCENDANTS>
    </NODE>uf

    <NODE id="middle">
        <MATERIAL id="branco_brilhante"/>
        <TEXTURE id="ufolight"/>
        <TRANSLATION x="0" y="0.05" z="0"/>
        <ROTATION axis="x" angle="90"/>
        <SCALE sx="1" sy="1" sz="0.1"/>
        <DESCENDANTS>
            <DESCENDANT id="cylinder"/>
        </DESCENDANTS>
    </NODE>

    <NODE id="round_top">
        <MATERIAL id="branco_brilhante"/>
        <TEXTURE id="ufolight"/>
        <TRANSLATION x="0" y="0.05" z="0"/>
        <ROTATION axis="z" angle="180"/>
        <SCALE sx="0.5" sy="0.5" sz="0.5"/>
        <DESCENDANTS>
            <DESCENDANT id="hemisphere"/>
        </DESCENDANTS>
    </NODE>
 
    <NODE id="round_bottom">
        <MATERIAL id="branco_brilhante"/>
        <TEXTURE id="ufolight"/>
        <TRANSLATION x="0" y="-0.1" z="0"/>
        <SCALE sx="0.4" sy="0.4" sz="0.4"/>
        <DESCENDANTS>
            <DESCENDANT id="flat_hemisphere"/>
        </DESCENDANTS>
    </NODE>

</NODES>


</SCENE>
